term,estimate,std.error,statistic,p.value,conf.low,conf.high,odds
(Intercept),14.80335608822097,3.6044348961191828,4.106983900349934,4.0085915818701365e-5,8.718052732546141,23.123700313987253,2685442.530628433
phy,-0.056096763832480995,0.0669250587015797,-0.8382026840292764,0.40191687988773284,-0.20043522049516915,0.06801589664012207,0.9454476463263586
psy,-0.06552441747773681,0.09871971287141373,-0.6637419778872828,0.5068554672691279,-0.2674897969429069,0.1264558330002011,0.9365761776524594
cmmt,-0.6032058216582242,0.1285970611354093,-4.690665683433188,2.7231761181820435e-6,-0.8967317059223683,-0.3840706690065549,0.54705506100239
expYes,2.0282626447426555,0.8518586797323949,2.3809848898643837,0.017266420181122955,0.5165700259348439,3.936230118331578,7.600869470354461
